{
  "Profiles": [
    {
      "Allow Title Setting": false,
      "Ambiguous Double Width": false,
      "Ansi 0 Color": {
        "Blue Component": 0,
        "Green Component": 0,
        "Red Component": 0
      },
      "Ansi 1 Color": {
        "Blue Component": 0.3333333432674408,
        "Green Component": 0.3333333432674408,
        "Red Component": 1
      },
      "Ansi 10 Color": {
        "Blue Component": 0.4823529411764706,
        "Green Component": 0.98039215686274506,
        "Red Component": 0.31372549019607843
      },
      "Ansi 11 Color": {
        "Blue Component": 0.5490196078431373,
        "Green Component": 0.98039215686274506,
        "Red Component": 0.94509803921568625
      },
      "Ansi 12 Color": {
        "Blue Component": 0.97647058823529409,
        "Green Component": 0.57647058823529407,
        "Red Component": 0.74117647058823533
      },
      "Ansi 13 Color": {
        "Blue Component": 0.77647058823529413,
        "Green Component": 0.47450980392156861,
        "Red Component": 1
      },
      "Ansi 14 Color": {
        "Blue Component": 0.99215686274509807,
        "Green Component": 0.9137254901960784,
        "Red Component": 0.54509803921568623
      },
      "Ansi 15 Color": {
        "Blue Component": 1,
        "Green Component": 1,
        "Red Component": 1
      },
      "Ansi 2 Color": {
        "Blue Component": 0.4823529411764706,
        "Green Component": 0.98039215686274506,
        "Red Component": 0.31372549019607843
      },
      "Ansi 3 Color": {
        "Blue Component": 0.5490196078431373,
        "Green Component": 0.98039215686274506,
        "Red Component": 0.94509803921568625
      },
      "Ansi 4 Color": {
        "Blue Component": 0.97647058823529409,
        "Green Component": 0.57647058823529407,
        "Red Component": 0.74117647058823533
      },
      "Ansi 5 Color": {
        "Blue Component": 0.77647058823529413,
        "Green Component": 0.47450980392156861,
        "Red Component": 1
      },
      "Ansi 6 Color": {
        "Blue Component": 0.99215686274509807,
        "Green Component": 0.9137254901960784,
        "Red Component": 0.54509803921568623
      },
      "Ansi 7 Color": {
        "Blue Component": 0.73333334922790527,
        "Green Component": 0.73333334922790527,
        "Red Component": 0.73333334922790527
      },
      "Ansi 8 Color": {
        "Blue Component": 0.33333333333333331,
        "Green Component": 0.33333333333333331,
        "Red Component": 0.33333333333333331
      },
      "Ansi 9 Color": {
        "Blue Component": 0.33333333333333331,
        "Green Component": 0.33333333333333331,
        "Red Component": 1
      },
      "ASCII Anti Aliased": true,
      "AWDS Pane Directory": "~\/Downloads",
      "AWDS Pane Option": "Yes",
      "AWDS Tab Directory": "~\/Downloads",
      "AWDS Tab Option": "Yes",
      "AWDS Window Directory": "~\/Downloads",
      "AWDS Window Option": "Yes",
      "Background Color": {
        "Blue Component": 0.15977837145328522,
        "Green Component": 0.12215272337198257,
        "Red Component": 0.11765811592340469
      },
      "Background Image Location": "",
      "Badge Color": {
        "Alpha Component": 0.5,
        "Blue Component": 0,
        "Color Space": "sRGB",
        "Green Component": 0.1491314172744751,
        "Red Component": 1
      },
      "Badge Text": "",
      "Blend": 0.52228748261616487,
      "Blinking Cursor": true,
      "Blur": false,
      "Blur Radius": 0.98562998670212831,
      "BM Growl": true,
      "Bold Color": {
        "Blue Component": 0.90237069129943848,
        "Green Component": 0.90237069129943848,
        "Red Component": 0.90237069129943848
      },
      "Bound Hosts": [],
      "Character Encoding": 4,
      "Close Sessions On End": true,
      "Columns": 80,
      "Command": "",
      "Cursor Color": {
        "Blue Component": 0.73333334922790527,
        "Green Component": 0.73333334922790527,
        "Red Component": 0.73333334922790527
      },
      "Cursor Guide Color": {
        "Alpha Component": 0.25,
        "Blue Component": 1,
        "Color Space": "sRGB",
        "Green Component": 0.9268307089805603,
        "Red Component": 0.70213186740875244
      },
      "Cursor Text Color": {
        "Blue Component": 1,
        "Green Component": 1,
        "Red Component": 1
      },
      "Cursor Type": 0,
      "Custom Command": "No",
      "Custom Directory": "Advanced",
      "Default Bookmark": "No",
      "Description": "my default iterm 2 profile",
      "Disable Window Resizing": true,
      "Dynamic Profile Filename": "\/Users\/whenke\/Library\/Application Support\/iTerm2\/DynamicProfiles\/dynamic-default.json",
      "Flashing Bell": false,
      "Foreground Color": {
        "Blue Component": 0.90032327175140381,
        "Green Component": 0.90032327175140381,
        "Red Component": 0.90032327175140381
      },
      "Guid": "my.default.iterm2.profile",
      "Horizontal Spacing": 1,
      "Icon": 0,
      "Idle Code": 0,
      "Jobs to Ignore": [
        "rlogin",
        "ssh",
        "slogin",
        "telnet"
      ],
      "Keyboard Map": {},
      "Link Color": {
        "Alpha Component": 1,
        "Blue Component": 0.73423302173614502,
        "Color Space": "sRGB",
        "Green Component": 0.35916060209274292,
        "Red Component": 0
      },
      "Mouse Reporting": true,
      "Name": "my default",
      "Non Ascii Font": "Monaco 12",
      "Non-ASCII Anti Aliased": true,
      "Normal Font": "Monaco 12",
      "Only The Default BG Color Uses Transparency": false,
      "Option Key Sends": 0,
      "Prompt Before Closing 2": 0,
      "Right Option Key Sends": 0,
      "Rows": 25,
      "Screen": 0,
      "Scrollback Lines": 1000,
      "Selected Text Color": {
        "Alpha Component": 1,
        "Blue Component": 1,
        "Color Space": "sRGB",
        "Green Component": 1,
        "Red Component": 0.99607843137254903
      },
      "Selection Color": {
        "Blue Component": 0.35294118523597717,
        "Green Component": 0.27843138575553894,
        "Red Component": 0.26666668057441711
      },
      "Send Code When Idle": false,
      "Shortcut": "",
      "Show Status Bar": true,
      "Silence Bell": false,
      "Space": 0,
      "Status Bar Layout": {
        "advanced configuration": {
          "algorithm": 1,
          "auto-rainbow style": 0,
          "font": ".AppleSystemUIFont 12",
          "remove empty components": false
        },
        "components": [
          {
            "class": "iTermStatusBarCPUUtilizationComponent",
            "configuration": {
              "knobs": {
                "base: compression resistance": 1,
                "base: priority": 5,
                "shared text color": {
                  "Alpha Component": 1,
                  "Blue Component": 0.63,
                  "Color Space": "sRGB",
                  "Green Component": 0.84060000000000001,
                  "Red Component": 0.90000000000000002
                }
              },
              "layout advanced configuration dictionary value": {
                "algorithm": 1,
                "auto-rainbow style": 0,
                "font": ".AppleSystemUIFont 12",
                "remove empty components": false
              }
            }
          },
          {
            "class": "iTermStatusBarMemoryUtilizationComponent",
            "configuration": {
              "knobs": {
                "base: compression resistance": 1,
                "base: priority": 5,
                "shared text color": {
                  "Alpha Component": 1,
                  "Blue Component": 0.63,
                  "Color Space": "sRGB",
                  "Green Component": 0.90000000000000002,
                  "Red Component": 0.74880000000000002
                }
              },
              "layout advanced configuration dictionary value": {
                "algorithm": 1,